{"cameraMode":{"drawMode":0,"name":"Shaded","section":"Shading Mode"},"sceneLighting":true,"audioPlay":false,"sceneViewState":{"m_AlwaysRefresh":false,"showFog":true,"showSkybox":true,"showFlares":true,"showImageEffects":true,"showParticleSystems":true,"showVisualEffectGraphs":true,"m_FxEnabled":true},"in2DMode":false,"pivot":{"x":-25.475467681884767,"y":38.157440185546878,"z":-46.880615234375},"rotation":{"x":-0.005253828130662441,"y":0.9938010573387146,"z":-0.09720472246408463,"w":-0.053717371076345447},"size":96.86335754394531,"orthographic":false}